Bungou stray dogs,dazai osamu,https://preview.redd.it/sharing-all-of-my-bungou-stray-dogs-cosplay-cosplayer-name-v0-6idbi5i960jc1.jpg?width=640&crop=smart&auto=webp&s=b1f1ec6fa37acfd96ac1042ec34ab2f63ac8b1f3
Bungou stray dogs,Nakajima Atsushi,https://preview.redd.it/sharing-all-of-my-bungou-stray-dogs-cosplay-cosplayer-name-v0-jfvfcmv960jc1.jpg?width=640&crop=smart&auto=webp&s=1ba6fada66d77787909e9ace0a4ebe2a4563a491
Bungou stray dogs,Nakahara Chuuya(15),https://preview.redd.it/sharing-all-of-my-bungou-stray-dogs-cosplay-cosplayer-name-v0-c9hgj4c960jc1.jpg?width=1080&crop=smart&auto=webp&s=75e350f30d536d101e99ace9761f574797f759c3
Bungou stray dogs,Akutagawa Ryuunosuke(Beast),https://preview.redd.it/sharing-my-akutagawa-ryunosuke-from-bsd-beast-cosplay-v0-6eac14550fqb1.jpg?width=640&crop=smart&auto=webp&s=01ceb2de540d9a44ab7307505b02b7fe8f32f70d
Bungou stray dogs,Dazai (portmafia),https://i.redd.it/sharing-all-of-my-bungou-stray-dogs-cosplay-cosplayer-name-v0-iyjy33n960jc1.jpg?width=1080&format=pjpg&auto=webp&s=32ad07fb4911e5a411b26d10ec84284415628e7b
Bungou stray dogs,Nakajima Atsushi(Beast),https://i.redd.it/my-nakajima-atsushi-beast-cosplay-v0-ttcr9qw1yakb1.jpg?width=3000&format=pjpg&auto=webp&s=4f9c2d76218b8d15fc28a33665cf711e872c018f
Bungou stray dogs,Edogawa Ranpo,https://preview.redd.it/sharing-my-edogawa-ranpo-cosplay-hope-you-like-it-v0-iapqmzrafl9c1.jpg?width=1080&crop=smart&auto=webp&s=88df8a171d0205aaf416ad1ae3371652681b9160
Blue lock,Nagi Seishiro,https://i.redd.it/my-nagi-seishiro-cosplay-v0-00ux0561b6lb1.jpg?width=3000&format=pjpg&auto=webp&s=d7ef24dba270ed6da498c510f8bdb4978228c792
Blue lock,Bachira Meguru,https://preview.redd.it/sharing-my-bachira-meguru-cosplay-v0-yyoa9latvtkb1.jpg?width=640&crop=smart&auto=webp&s=d66772f31da91a232097a44d6624fd04054cdf28
Blue lock,Itoshi Rin,https://preview.redd.it/sharing-my-itoshi-rin-cosplay-v0-fs9m647uvznb1.jpg?width=640&crop=smart&auto=webp&s=c697cd44479d6ecd42ca392002871f407b2a5338
Blue lock,Oliver Aiku,https://i.redd.it/my-oliver-aiku-cosplay-v0-hpamk74ubshc1.jpg?width=1080&format=pjpg&auto=webp&s=0bb77387c66e2ffe67e8afd81902d73f9cd82a0a
Kuroko no basket,Himuro Tatsuya,https://i.redd.it/my-himuro-tatsuya-cosplay-v0-ibcv0eufx5kb1.jpg?width=3072&format=pjpg&auto=webp&s=af0434458d539198a8425e44506993a9a8b0d0b9
Kuroko no basket,Aomine daiki,https://i.redd.it/my-aomine-cosplay-v0-4t0a682r9shc1.jpg?width=1080&format=pjpg&auto=webp&s=952c826582ef41246ed34f07438f1fb63e0c3596
Kuroko no basket,Midorima shintaro,https://i.redd.it/midorima-shintaro-cosplay-by-me-v0-kti4ojgdjr7d1.jpg?width=3071&format=pjpg&auto=webp&s=aa950ae480799ee134e424c0016a3bab6bdaf6c1
My hero academia,Todoroki Shoto,https://preview.redd.it/another-one-of-my-todoroki-cosplay-facebook-sinbad-thethird-v0-f27dq1j1iflb1.jpg?width=1080&crop=smart&auto=webp&s=6122d431cb203b8ac93b9e4457e60ab8d0e958b5
My hero academia,Midoriya Izuku,https://preview.redd.it/sharing-my-villain-midoriya-cosplay-fb-sinbad-thethird-v0-3sbjeps9a6lb1.jpg?width=640&crop=smart&auto=webp&s=a9371edc7d7df563fbb859a6b26b3c0a987deadc
Tokyo ghoul,Kaneki ken,https://preview.redd.it/my-kaneki-ken-cosplay-v0-ii4qnxbodshc1.jpg?width=640&crop=smart&auto=webp&s=c70f71ddae091fbe473f4b27ec63f1bb5dfc69dc
Tokyo ghoul,Juuzou suzuya,https://preview.redd.it/sharing-my-juuzou-suzuya-cosplay-v0-rt0x4uv3e6lb1.jpg?width=640&crop=smart&auto=webp&s=0b0fc4bb23a939c2fb777d6255c7cddb30d61332
Tokyo ghoul,Haise sasaki,https://preview.redd.it/my-haise-sasaki-cosplay-v0-bm9uv0fyeshc1.jpg?width=640&crop=smart&auto=webp&s=87766ff2ebb320a0c1b0c2af34c6165514305249
Tokyo Revengers,Sanzu haruchiyo,https://preview.redd.it/sharing-my-sanzu-haruchiyo-cosplay-facebook-sinbad-thethird-v0-4hugs576lflb1.jpg?width=640&crop=smart&auto=webp&s=a735c647370ca4dfa953f24ffcda153dedcd8b44
Tokyo Revengers,Rindou Haitani,https://preview.redd.it/my-rindou-cosplay-v0-mud0aeaydshc1.jpg?width=640&crop=smart&auto=webp&s=470f1117912f276671a1b04d82e2c445c0760738
Ouran host club,Hikaru hitachiin,https://preview.redd.it/hikaru-hitachiin-cosplay-v0-eyqkdm8vashc1.jpg?width=640&crop=smart&auto=webp&s=5c5aef52262eabbb50b789ac4c6e6878653bed5f
Vtuber,Fulgur ovid,https://i.redd.it/fulgur-ovid-cosplay-v0-sjbz8ablashc1.jpg?width=1080&format=pjpg&auto=webp&s=3443ed1edb36982270c71360baf7e1768dd2bba6
Reborn,Rokudo Mukuro,https://preview.redd.it/sharing-my-rokudo-mukuro-cosplay-v0-0t3z61ybt5bc1.jpg?width=640&crop=smart&auto=webp&s=2381ad955f68128db3ad55e7255a8277e805153b
Reborn,Hibari Kyoya,https://preview.redd.it/my-hibari-cosplay-v0-m2v8molb9shc1.jpg?width=1080&crop=smart&auto=webp&s=b85a0c06c9a705373075fed99dc216f8eb093afc
Reborn,Xanxus,https://preview.redd.it/sharing-my-xanxus-cosplay-v0-qd48quqrfn3c1.jpg?width=640&crop=smart&auto=webp&s=07402751315bf41ceffa7a9a997c864847dcf99e
Reborn,Byakuran,https://preview.redd.it/sharing-my-byakuran-cosplay-v0-jt83r2u4pf4c1.jpg?width=640&crop=smart&auto=webp&s=b55f9f695be695e344b25a5683e8afce9d71f8d9
Attack on titan,armin alert,https://preview.redd.it/my-armin-cosplay-v0-5trfqe3ieshc1.jpg?width=640&crop=smart&auto=webp&s=2b804343026c68a8169672f3e475a0ce68b6838a
Attack on titan,Eren jeager,https://i.redd.it/sharing-my-eren-jeager-cosplay-v0-pxitioh1gn3c1.jpg?width=2730&format=pjpg&auto=webp&s=9f00b81af33c813dffa65cdbd42598e5cca5c535
Mashle magic and muscle,Mashle burnedead,https://preview.redd.it/my-mashle-cosplay-v0-2jwilq1erjhc1.jpg?width=640&crop=smart&auto=webp&s=6e0aa79f024be2f02a6cae31d031c49a40a18025
Genshin impact,Scramouche,https://preview.redd.it/my-scramouche-sniper-fanart-cosplay-v0-gucuj9e7bshc1.jpg?width=640&crop=smart&auto=webp&s=ba9f2f6866c0ea932142247bb140809bf743dad5
Genshin impact,Childe,https://i.redd.it/sharing-my-childe-cosplay-v0-lxj51po3d6lb1.jpg?width=2731&format=pjpg&auto=webp&s=75b91a9c029e5eb9c185e1b0a265b1d1fa6a5bf9
Jujutsu kaisen,Gojo satoru,https://preview.redd.it/sharing-my-gojo-satoru-cosplay-v0-qolpmoesth8d1.jpg?width=640&crop=smart&auto=webp&s=fae9a95563126d077af17bcd9c388ae442477412
Jujutsu kaisen,Geto suguru,https://preview.redd.it/sharing-my-geto-suguru-cosplay-v0-029r0gxdnf4c1.jpg?width=1080&crop=smart&auto=webp&s=e673a985da5b3e508cc4df5f8cb24ede404605c8
Jujutsu kaisen,Kashimo Hajime,https://i.redd.it/my-kashimo-hajime-cosplay-v0-7jjw5mypcshc1.jpg?width=1080&format=pjpg&auto=webp&s=a8af88b88166896dd5d702ba8662d59ab92d11fe
Jujutsu kaisen,Inumaki toge,https://preview.redd.it/my-inumaki-cosplay-v0-hg4hgvmhcshc1.jpg?width=640&crop=smart&auto=webp&s=4e7dff54abb2e647ca0dbc3f2b870c4c5e952349
Black butler,Sebastian Michaelis,https://encrypted-tbn0.gstatic.com/images?q=tbn:ANd9GcTV5-JsI1lDifdJ2dRHikNpqqqwFmShy6hixinZeNiBoWZQVhRoMOVe4-FymT_f6a7I5xI&usqp=CAU
Black butler,Undertaker,https://preview.redd.it/sharing-my-undertaker-cosplay-v0-n8fvg3ywcw4c1.jpg?width=640&crop=smart&auto=webp&s=a9ef0390e1bc744e61fe532463a2ddc7c0e38abc
Black butler,Sebastian (doctor),https://i.redd.it/sharing-my-sebastian-doctor-cosplay-v0-6k7pah78qf4c1.jpg?width=2232&format=pjpg&auto=webp&s=fea9e2f68de1b9c5f0f8c456886db457c950538a
Gintama,Sakata Gintoki,https://preview.redd.it/sakata-gintoki-cosplay-by-sinbad-thethird-v0-l8wq88yvir7d1.jpg?width=640&crop=smart&auto=webp&s=711401de02ce1dfde8acb1fe25b700bfa8335ff9
Haikyuu,Hinata shoyo,https://i.redd.it/sharing-my-hinata-shoyo-cosplay-v0-dmj5c3rybhub1.jpg?width=2522&format=pjpg&auto=webp&s=84797c5deaff1a05cd54901cdf924595f84f5c7e
Haikyuu,Kozume Kenma,https://preview.redd.it/sharing-my-kenma-cosplay-v0-yzcy1c8prf4c1.jpg?width=640&crop=smart&auto=webp&s=918fc492b81fac3d54ee058bb31018040a586dda
Haikyuu,Tsukishima kei,https://preview.redd.it/tsukishima-kei-cosplay-by-me-sinbad-thethird-v0-c6fhcnqdir7d1.jpg?width=640&crop=smart&auto=webp&s=fe59d0b6e18ca88d76cdfed35a3dca44bf5dfa97
